OPT,SOL,Rate,Time
5195.067756962481,83.00888049031356,0.01597840189457861,7784.028402260999
