OPT,SOL,Rate,Time
7.764697777544797,9.012922928670086,1.1607564372608432,45.429182455001865
7.400095445221912,8.493700903543047,1.1477826152941384,46.168354358000215
7.667385491980411,8.908522485716821,1.1618722568513815,46.24835339997662
7.5995291210575715,8.640576168791931,1.1369883621933519,46.54081592799048
7.95350607842987,9.143327062738527,1.149597042181873,45.25232840998797
7.679587325356403,9.144302600489297,1.1907283833203783,45.59493660298176
7.8265509870528245,8.937909657240823,1.1419985217021493,44.452039686002536
7.97329848053259,9.100262520479607,1.1413422616372113,44.824575048987754
