OPT,SOL,Rate,Time
16.4755439381876,19.307404324951708,1.1718826642318207,194.35010715699173
16.58252109177151,19.26309407581701,1.1616505095462015,194.30828282001312
16.610910144984917,19.30892179937883,1.1624240713389495,191.8181543489918
16.501081465067912,19.081850290336046,1.15639998085771,199.66064347000793
16.82614018506712,19.498669221243837,1.1588319725606788,193.71626367600402
16.625112093123217,19.19295889722963,1.1544559092127007,203.77613298100187
16.607714934366197,19.44052385905734,1.1705718659000606,193.43423554298352
16.58894596771913,19.143196043525737,1.1539730179829983,198.11460199701833
