OPT,SOL,Rate,Time
7.844053280904593,9.338080537856717,1.1904662300789255,50.47173643899987
7.684654060731848,9.543523825598843,1.2418937469632778,49.92335740300041
7.992467972600342,9.534081098665059,1.1928832409900987,49.30911123099986
