OPT,SOL,Rate,Time
7.872568719657052,8.838740024347867,1.122726309429142,48.92500006899991
7.311717176763835,8.421790382400417,1.1518211356922177,48.25747999500027
7.996291283588014,9.404412277861244,1.176096760902561,48.89585633999968
