OPT,SOL,Rate,Time
7.667630082454986,9.177405939860256,1.1969025423983257,49.50722008399998
7.556914463422531,8.831725248942762,1.1686946162604661,49.793250198999885
7.808195961943498,9.073222816425675,1.1620126928995909,49.995750685000075
