OPT,SOL,Rate,Time
7.508829990373904,8.58529564059252,1.1433599710738707,50.97070802999997
7.782434845899856,9.248898789702054,1.188432537225133,48.832676900000024
7.532873285198485,8.870098798956692,1.1775186523296166,49.06517572199982
